{
  "LinesCount": 3,
  "TInterval": [
    132821446180070000,
    132821452180070000
  ],
  "GlobalRanges": false,
  "IndexAxis": [
    1,
    2,
    3
  ],
  "AxisMin": [
    0,
    -7500.1,
    -0.725,
    -1.0375
  ],
  "AxisMax": [
    100,
    -7499.9,
    -0.525,
    -0.8375
  ],
  "fixYMin": [
    {},
    0,
    0,
    0
  ],
  "fixYMax": [
    {},
    100,
    100,
    100
  ],
  "Advised": [
    "",
    "",
    ""
  ],
  "AxisColor": [
    4286611584,
    4278190284,
    4278209616,
    4294902015
  ],
  "LineColor": [
    4278190284,
    4278209616,
    4294902015
  ],
  "Description": [
    "Текущее значение",
    "Текущее значение",
    "Текущее значение"
  ],
  "Tag": [
    "STATION.AW082.Value",
    "STATION.AW088.Value",
    "STATION.AW161.Value"
  ],
  "Units": [
    "кг/см2",
    "кг/см2",
    "%"
  ],
  "LinesWidth": [
    1,
    1,
    1
  ],
  "Values": [
    "",
    "",
    ""
  ],
  "Time": [
    "(Источника)",
    "(Источника)",
    "(Источника)"
  ],
  "Quality": [
    "",
    "",
    ""
  ],
  "Minimum": [
    "-7500.00",
    "-0.6",
    "-0.9"
  ],
  "Maximum": [
    "-7500.00",
    "-0.6",
    "-0.9"
  ],
  "Quantity": [
    "1",
    "1",
    "1"
  ],
  "AutoRange": true,
  "RepersCount": 0,
  "RepersValues": [],
  "ActiveMode": 0,
  "THistInterval": [
    132821326641970000,
    132821426168580000
  ],
  "ReperActive": 0,
  "nColumnT": [
    2,
    2,
    2
  ],
  "LegendColumnWidth": [
    20,
    50,
    50,
    139,
    221,
    75,
    70,
    130,
    60,
    100,
    100,
    100
  ],
  "LegendHeight": 0
}